{"image_height":480,"camera_matrix":{"data":[331.82471983581695,0,287.10066687251873,0,317.68454795879813,233.92646627448127,0,0,1],"type":6,"rows":3,"cols":3},"avg_reprojection_error":0.9651473134437119,"image_width":640,"distortion_coefficients":{"data":[0.12452641457230215,-0.31477482967453013,0.01553973971761435,-0.02494797529489477,-0.6046019287323056],"type":6,"rows":1,"cols":5}}
