{"image_height":480,"camera_matrix":{"data":[596.7987088804108,0,273.6465049423566,0,593.7587271271929,227.50598304818823,0,0,1],"type":6,"rows":3,"cols":3},"avg_reprojection_error":0.8104758864691063,"image_width":640,"distortion_coefficients":{"data":[-0.29607266143048977,-0.04132875114135239,-0.002172726577442768,0.007821098836249495,0.09425314584782216],"type":6,"rows":1,"cols":5}}